;;(415) 545-8608;825 Van Ness Ave Ste 502 San Francisco, CA 94109
RMD Law;www.RMDlaw.com;(415) 789-4008;6315 Montgomery St Fl 10 San Francisco, CA 94104
Geller Law;www.gellerlawsf.com;(415) 234-4906;201 Spear St Ste 1199 San Francisco, CA 94105
San Francisco Workers' Compensation Lawyer;workerscompsanfrancisco.com;(628) 226-3990;5214F Diamond Hts Blvd Ste 660 San Francisco, CA 94131
Adam Gurley Law Offices;bayattorney.com;(415) 240-9953;3739 Balboa St Ste 114 San Francisco, CA 94121
Hooshmand Law Group;www.hooshmandlawgroup.com;(415) 423-3400;22 Battery St Ste 610 San Francisco, CA 94111
Omega Law Group, PC;www.omegalaw.com;(424) 528-0159;1434 Market St San Francisco, CA 94102
Michael Blacksburg - Estate Planning;www.blacksburg-law.com;(415) 508-5600;
Bend Law Group;www.bendlawoffice.com;(415) 633-6841;2181 Greenwich St San Francisco, CA 94123
The Ladva Law Firm;www.ladvalaw.com%2F;(415) 296-8844;530 Jackson St Fl 2 San Francisco, CA 94133
Silveira Law;www.northerncaliforniacriminaldefense.com;(415) 795-3890;315 Montgomery St Ste 917 San Francisco, CA 94104
Divorce with Dignity - San Francisco;sanfrancisco.dwdignity.com;(415) 963-3535;870 Market St Ste 1164 San Francisco, CA 94102
Law Office of Arkady Itkin;www.arkadylaw.com;(628) 888-0947;57 Post St Ste 812 San Francisco, CA 94104
Richard S Kolomejec;www.sanfranciscoimmigrationlaw.com;(415) 433-7205;48 Gold Street Ste 100 San Francisco, CA 94133
Hsiang Law Group;www.hsianglaw.com;(415) 741-1123;5 Third St Ste 1100 San Francisco, CA 94103
Leiva Law Firm;www.leivafirm.com;(628) 218-6797;350 Townsend St San Francisco, CA 94107
Law Offices of Taghi Astanehe;www.astanehelaw.net;(650) 281-6342;819 Eddy St San Francisco, CA 94109
Law Offices Of Jeremy Pasternak;www.pasternaklaw.com%2F;(415) 693-0300;354 Pine St Fl 5 San Francisco, CA 94104
Jessica L Chylik, Attorney at Law;www.chyliklaw.com;(415) 938-6552;2358 Market St Fl 3 San Francisco, CA 94114
Law Offices of Jonah Chew;chewlawoffices.com;(415) 484-1718;1388 Sutter St Ste 805 San Francisco, CA 94109
Romanovska Law;romanovskalaw.com;(415) 347-0584;3223 Webster St San Fransisco, CA 94123
Anna Dubrovsky Law Group;www.dubrovskylawyers.com;(415) 520-5004;601 Montgomery St Ste 2015 San Francisco, CA 94111
Evans Law Firm, Inc;www.evanslaw.com;(415) 441-8669;3053 Fillmore St Ste 236 San Francisco, CA 94123
Heinrich Law, PC;www.heinrichlaw.net;(510) 944-0102;1900 Powell Street Ste 450 Emeryville, CA 94608
The Law Collective;lawcollective.com;(213) 516-5430;388 Market St San Francisco, CA 94111
Mission Doc Prep - Notary & Mobile Apostille;missiondocprep.com;(415) 206-1697;2492 Mission St San Francisco, CA 94110
KPB Immigration Law Firm;www.kpbimmigrationlawfirm.com;(415) 900-4405;142 Sansome St Ste 500 San Francisco, CA 94104
Trevor Caudle Law Practice;www.trevorcaudlelaw.com;(415) 859-9626;350 Bay St Ste 100-363 San Francisco, CA 94133
The Cartwright Law Firm;www.cartwrightlaw.com%2Fsan-francisco-personal-injury-office;(415) 433-0444;222 Front St 5th Fl San Francisco, CA 94111
Drake Law Firm;drakelawgroup.com%2F;(800) 597-0913;1 Embarcadero Ctr San Francisco, CA 94111
Da Vega, Fisher & Mechtenberg LLP;www.mdmflaw.com;(415) 735-5495;1630 Taraval St Ste B San Francisco, CA 94116
Parks Law Group;www.parkslawgroup.com;(925) 362-0102;140 Geary St Fl 7 San Francisco, CA 94108
The Law Offices of Jason Louie;www.JLLawOffice.com;(415) 240-4646;490 Post St Ste 910 San Francisco, CA 94102
Law Office of Nikolaus W Reed;nwrlaw.com;(415) 940-7766;Pier 40 Ste 7 San Francisco, CA 94107
Steven Adair MacDonald & Partners;www.samlaw.net;(415) 704-6744;870 Market St Ste 500 San Francisco, CA 94102
Minnis & Smallets;www.minnisandsmallets.com;(415) 551-0885;57 Post St Ste 801 San Francisco, CA 94104
Hassell Law Group;www.hasselllawgroup.com;(415) 334-4111;4079 19th Ave San Francisco, CA 94132
Jewel & Stoneman;www.legacylaw.com;(415) 394-6800;220 Montgomery St Ste 678 San Francisco, CA 94104
The Law Office of Bennett M. Cohen, PC;www.bennettmcohen.com;(415) 864-3246;1438 Market St San Francisco, CA 94102
Danfoura Law Group;www.danfouralaw.com;(415) 970-8012;1303 9th Ave San Francisco, CA 94122
Walkup Melodia Kelly & Schoenberger;www.walkuplawoffice.com%2F%3Futm_source%3Dyelp%26utm_medium%3Dsocial%26utm_campaign%3Dwebsite_link;(415) 915-9862;650 California St Fl 26 San Francisco, CA 94108
Beahm Law;www.beahmlaw.com;(628) 214-6896;877 Bryant St Ste 300 San Francisco, CA 94103
Law Office of George R Bravo;www.georgebravolaw.com;(415) 823-2548;44 Montgomery St San Francisco, CA 94104
Rebecca Feigelson Law;www.sfbaydefense.com;(415) 562-5541;345 Franklin St San Francisco, CA 94102
Lamano Law;www.lamanolaw.com;(510) 721-0518;505 14th St Ste 900 Oakland, CA 94612
Law Office of Andrew S Cantor;www.cantor-law.com;(415) 500-5849;4132 3rd St Ste 7 San Francisco, CA 94124
Shen Law Firm;shenlawfirm.com%2F;(415) 661-6700;2037 Irving St Ste 206 San Francisco, CA 94122
The Law Offices of Amber Lee Bissell;www.AmberLeeLaw.com;(415) 870-1357;2181 Greenwich St San Francisco, CA 94123
The Accident Guys;calltheaccidentguys.com%2Foakland;(510) 272-7260;505 14th St Ste 900 Oakland, CA 94612
Courson Law - Bankruptcy;www.sflawyer.net;(415) 433-3100;584 Castro St Ste 216 San Francisco, CA 94114
Nightingale Legal;www.NightingaleLegal.com;(415) 564-4900;1653 Irving St San Francisco, CA 94122
Law Office of Andrew Westley;westleylaw.com;(415) 362-2817;870 Market St Ste 788 San Francisco, CA 94102
Olvera & Associates;divorceformally.com;(415) 985-7080;298 Munich St San Francisco, CA 94112
Alex Lemberg, Esq.;www.alexlemberg.com;(415) 921-9300;4111 18th St Ste 5 San Francisco, CA 94114
Ridless Law Office;www.ridlesslaw.com;(415) 614-2600;500 Washington St Ste 700 San Francisco, CA 94111
Cary Schneider, Esq;www.415esq.com;(415) 781-6500;315 Montgomery St Ste 1025 San Francisco, CA 94104
Sweet James Accident Attorneys;sweetjames.com;(628) 336-4709;1 Sansome St Ste 3500 San Francisco, CA 94104
Minami Tamaki;www.minamitamaki.com;(415) 530-2894;101 Montgomery St Ste 825 San Francisco, CA 94104
Button Law Inc.;www.buttonlawsf.com;(650) 703-6038;1052 Filbert St San Francisco, CA 94133
Law Offices of Amie D Miller;www.immigrate-us.net;(415) 362-8602;369 Pine St Ste 725 San Francisco, CA 94104
Sally Morin Personal Injury Lawyers;www.sallymorinlaw.com;(415) 413-0033;1857 Market St Fl 3 San Francisco, CA 94103
T.S. Wrobel Law Group, PC;TSWrobel.Law;(415) 928-4161;870 Market St Ste 645 San Francisco, CA 94102
Kugelman Law Tax & Cryptocurrency Attorneys;kugelmanlaw.com;(415) 413-0861;Two Embarcadero Ctr Fl 8 San Francisco, CA 94111
Law Offices of Richard Wahng APC;www.rwcounsel.com;(415) 742-4358;5011 Geary Blvd Ste B San Francisco, CA 94118
Law Office of Svetlana Shirinova;svetlaw.com;(415) 947-0703;870 Market St Ste 948 San Francisco, CA 94102
Hurtubise Weber Law;www.huwelaw.com;(415) 413-8760;201 Spear St Ste 1100 San Francisco, CA 94105
Sherman Business Law;www.shermanbusinesslaw.com;(415) 403-1660;802 Montgomery St San Francisco, CA 94133
Law Offices Of Edwin J Zinman, DDS, JD;www.toothattorney.com;(415) 391-5353;220 Bush St Ste 422 San Francisco, CA 94104
Ticket Crushers Law;www.ticketcrusherslaw.com;(628) 237-0229;5001 Geary Blvd San Francisco, CA 94118
Law Office Of Brook Radelfinger;www.radelfingerlaw.com;(415) 333-9083;769 Monterey Blvd Ste 6 San Francisco, CA 94127
Bankruptcy Center of John D. Raymond;www.sanfrancisco-bankruptcy-attorney.com;(415) 351-2265;2000 Van Ness Ave Ste 205 San Francisco, CA 94109
Mary Gemma O'Keeffe;;;1514 Taraval St San Francisco, CA 94116
Sarah Weddle Family Law;www.weddlefamilylaw.com;(415) 449-4787;405 8th Ave San Francisco, CA 94118
Bay Area Law Group;www.bayarealawgroup.com;(513) 652-6848;215 West Portal Ave San Francisco, CA 94127
Noe Valley Law Offices, Robert T. Roddick, Attorney at Law;noevalleylaw.com%2F;(415) 641-8687;1330 Castro St San Francisco, CA 94114
Scott Okamoto;www.scottokamotolaw.com;(415) 766-5871;1832 Buchanan St Ste 202 San Francisco, CA 94115
Espey Law Offices;www.espeylaw.com;(415) 463-4404;1321 20th Ave San Francisco, CA 94122
Law Offices of Alan Cohen;alancohenlaw.com;(415) 984-1943;425 California St Ste 2025 San Francisco, CA 94104
Law Firm of Aaron Bortel;www.bortelduidefense.com;(415) 429-0946;650 5th St Ste 508 San Francisco, CA 94107
Law Office of Maria Belyi;www.belyilaw.com;(415) 986-5591;3330 Geary Blvd Third Fl East San Francisco, CA 94118
Jelena Kelleher Law;www.jelenaklaw.com;(415) 233-2242;215 West Portal Ave San Francisco, CA 94127
Law Office of Melissa D Polk, PC;polklaw.net;(415) 283-3229;580 California St Ste 1600 San Francisco, CA 94104
Law Offices of Matthew J. Quinlan;www.mjqlaw.com;(415) 345-4282;3223 Webster St San Francisco, CA 94123
Nadrich & Cohen Accident Injury Lawyers;www.personalinjurylawcal.com%2Fsan-francisco%2F%3Futm_id%3Dlocal;(415) 526-8949;301 Junipero Serra Blvd Ste 200 San Francisco, CA 94127
Law Offices of Lee, Faye, Bresler & Lee;;;3338 Sacramento St Ste 270C San Francisco, CA 94109
Michael Yamamoto;my.law;(510) 296-5600;1400 Shattuck Ave ste 412 Berkeley, CA 94709
Ribera Law Firm;www.riberalaw.com;(415) 576-1600;157 W Portal Ave Ste 2 San Francisco, CA 94127
Costin Law Inc.;costinlawfirm.com%2F;(415) 977-0400;315 Montgomery St Fl 10 San Francisco, CA 94104
Mark Webb Attorney At Law;www.markwebb.com;(415) 515-0960;994 Clayton St San Francisco, CA 94117
Allegiance Law;www.allegiancelaw.com;(415) 404-6395;871 Page St San Francisco, CA 94117
Dolan Law Firm PC;dolanlawfirm.com;(415) 421-2800;1438 Market St San Francisco, CA 94102
PractiCali Law;www.practicali.law;(415) 656-8842;584 Castro St Ste 379 San Francisco, CA 94114
Lurkis, Joyce & Del Bove, LLP;www.ljdfamilylaw.com;(415) 399-1460;870 Market St Ste 414 San Francisco, CA 94102
Eva Guo;www.evaguo.com;(415) 307-8889;Berkeley, CA 94710
Lipton Law Office;www.aceliptonlaw.com;(415) 658-7873;870 Market St Ste 961 San Francisco, CA 94102
Law Office of Marcia I. Perez;www.perezimmigrationlaw.com;(415) 291-8122;42 Otis St Ste 204 San Francisco, CA 94103
Law Office of Sarah Potter;www.bayareacriminaldefender.com%2F;(415) 423-3447;214 Duboce Ave San Francisco, CA 94103
Kellogg & Van Aken;kva-law.com;(415) 539-3100;One Sansome St Ste 3500 San Francisco, CA 94104
Mark A. Senick;www.marksenick.com;(415) 252-9800;317 Noe St San Francisco, CA 94114
Helbraun Law Firm;www.helbraunlaw.com;(415) 982-4000;220 Montgomery St Ste 1100 San Francisco, CA 94104
The Law Offices of Brian L Larsen;brianlarsenlawoffices.com;(415) 398-5000;530 Jackson St Fl 2 San Francisco, CA 94133
SirkinLaw APC;www.andysirkin.com;(415) 738-8545;388 Market St Ste 1300 San Francisco, CA 94111
Lee Wing C Law Offices of;;;275 6th Ave San Francisco, CA 94118
Gesher Mediation;www.geshermediation.com;(415) 294-0215;San Francisco, CA 94109
Summerall Law;www.summeralllaw.com;(415) 944-9406;3873 Piedmont Ave Ste 8 Oakland, CA 94611
Austin Law Group;austinlawgroup.com;(415) 282-4511;584 Castro St Ste 2126 San Francisco, CA 94114
David Herzog Legal;www.davidherzoglegal.com;(415) 939-2363;248 3rd St Oakland, CA 94607
TONG LAW;www.tong-law.com%2F;(510) 371-7835;1999 Harrison St Fl 18 Oakland, CA 94612
Hoyer & Hicks;www.hoyerlaw.com%2F;(415) 766-3539;4 Embarcadero Ctr Ste 1400 San Francisco, CA 94111
The Pakneshan Firm;baydefense.com;(628) 900-6975;50 California St Ste 1500 San Francisco, CA 94111
David K Uthman;www.uthmanlawoffice.com;(415) 556-9200;855 Bryant St Ste 200 San Francisco, CA 94103
The Law Offices of Jeffrey M Greenberg;www.greenbergworkcomp.com;(415) 409-9900;825 Van Ness Ave Ste 601 San Francisco, CA 94109
Law Office Of Michelle D Brodie;attorneybrodie.com;(415) 861-5537;870 Market St Ste 400 San Francisco, CA 94102
WHS Law Firm;whslaw.com;(415) 715-9290;584 Castro St Ste 453 San Francisco, CA 94114
Tsao-Wu & Yee;www.tsaoyee.com;(415) 777-1688;4215 Geary Blvd San Francisco, CA 94118
Becker and Lee;www.BLimmigration.com%2F;(415) 233-7001;1322 Webster St Ste 300 Oakland, CA 94612
Sweet Lawyers;sweetlaw.com;(415) 960-3999;388 Market St Ste 1300 San Francisco, CA 94111
Rachel Saunders Family Law, P.C;saundersfamilylaw.com;(415) 742-8040;50 Osgood Pl Ste 500 San Francisco, CA 94133
Gordon Law Group;www.gordonlawgrouppc.com;(415) 284-1601;461 2nd St Ste C301 San Francisco, CA 94107
Howard Levy - Legal Assistance to the Elderly;;;995 Market St San Francisco, CA 94103
Veera Law;www.veeralaw.com;(415) 529-1949;350 Townsend St Ste 815 San Francisco, CA 94107
Drossman Law;www.drossmanlaw.com;(415) 515-4114;2261 Market St Ste 454 San Francisco, CA 94114
Eloy I. Trujillo, DUI Lawyer;sf-duilawyer.com%2F;(707) 846-0077;1686 Bryant St San Francisco, CA 94103
Mannion Lowe & Oksenendler;www.mlolawyers.com;(415) 733-1050;601 Montgomery St Ste 1208 San Francisco, CA 94111
Bravo Law Offices;www.bravolaw.com;(415) 512-6700;1315 7th Ave San Francisco, CA 94122
The Veen Firm;www.veenfirm.com;(888) 504-0157;20 Haight St San Francisco, CA 94102
Yuji Mitani Law Offices;;;1610 Post St Ste 204 San Francisco, CA 94115
Hedemark Law, P.C.;www.hedemarklaw.com;(415) 692-1503;220 Montgomery St Ste 1100 San Francisco, CA 94104
The Epstein Group;;;345 Franklin St San Francisco, CA 94102
Law offices of Traci M.Hinden;hindenlaw.com;(415) 781-3030;1 Sansome St Ste 3500 San Francisco, CA 94104
Shustoff, Mark A;;;82 W Portal Ave San Francisco, CA 94127
Tancinco Rey Law Office's of;;;388 Market St Ste 908 San Francisco, CA 94111
Asian Americans Advancing Justice - Asian Law Caucus;www.asianlawcaucus.org;(415) 896-1701;55 Columbus Ave San Francisco, CA 94111
The Law Offices of Michael J Gurfinkel;www.gurfinkel.com;(866) 487-3465;966 Mission St San Francisco, CA 94103
Liberation Law Group, PC;www.liberationlawgroup.com;(415) 695-1000;2760 Mission St San Francisco, CA 94110
Jones & Devoy;jonesdevoy.com;(415) 615-0879;649 Mission St Fl 5 San Francisco, CA 94105
Jones Clifford;www.jonesclifford.com;(415) 431-5310;1390 Market St Ste 1200 San Francisco, CA 94102
Dhillon Law Group Inc.;www.dhillonlaw.com;(415) 433-1700;177 Post St Ste 700 San Francisco, CA 94108
Law Offices of Nancy Conway;nancyconwaylaw.com;(415) 241-1140;345 Franklin St San Francisco, CA 94102
Moskowitz LLP;www.moskowitzllp.com;(628) 218-8033;201 California St Ste 640 San Francisco, CA 94111
Walston Law;www.walstonlawinc.com;(415) 956-9200;4 Charlton Ct San Francisco, CA 94123
The Law Office Of Zhang;www.zlawglobal.com;(415) 761-2732;100 Pine St Ste 1250 San Francisco, CA 94111
Guerrero Law Firm;www.guerrerolaw.net%2F%3Futm_source%3Dyelp%26utm_medium%3Dcpc%26utm_campaign%3Dyelp_sanfran;(866) 948-3773;350 Townsend St San Francisco, CA 94107
Eva Guo;www.evaguo.com;(415) 307-8889;San Francisco, CA 94123
Sacramento and Foran Law Office;;;1489 Webster St Ste 248 San Francisco, CA 94115
Wyman & Hegwer;robertkwyman.com;(415) 387-8100;4444 Geary Blvd Ste 201 San Francisco, CA 94118
Michael J Raifsnider Attorney At Law;www.raifsnider-law.com;(415) 398-9001;109 Geary St San Francisco, CA 94108
LEDA Law;www.franklinstreetlaw.com;(415) 553-6055;345 Franklin St San Francisco, CA 94102
The Law Office of Natalia Malyshkina;immigration-business-law.com;(415) 240-0083;100 Pine St Ste 1250 San Francisco, CA 94111
Oliner Law;olinerlaw.com;(650) 549-5298;345 Grove St Fl 2 San Francisco, CA 94102
Volkov Law Office;www.volf.com;(415) 987-7000;5840 Geary Blvd Ste 101 San Francisco, CA 94121
Coopers LLP;www.coopers.law;(415) 434-2111;1005 Sansome St Ste 330 San Francisco, CA 94111
Douglas Greenberg;www.douglasgreenberg.com%2F;(415) 287-9990;201 Spear St Ste 1100 San Francisco, CA 94105
Sabharwal Law Offices;sablawoffice.com;(510) 665-8777;1816 5th St Berkeley, CA 94710
Law Office of Geri N. Kahn;www.gerinkahn.com;(415) 397-5446;465 California St Ste 609 San Francisco, CA 94104
Thomas G. Feimer;www.feimerlaw.justia.net%2F;(415) 771-6174;819 Eddy St San Francisco, CA 94109
Bornstein Law;bornstein.law;(415) 409-7611;507 Polk St Ste 310 San Francisco, CA 94102
Law Offices of Robert L Goldstein;taxexit.com;(888) 829-3948;100 Bush St Ste 501 San Francisco, CA 94104
Amanda L Ebey;www.AmandaEbey.com;(415) 989-8070;870 Market St Ste 782 San Francisco, CA 94104
Santamaria Law Firm;www.usimmigrationplan.com;(415) 745-3650;100 Pine St Ste 1250 San Francisco, CA 94111
The Law Offices of Daniel Feder;www.dfederlaw.com;(415) 391-9476;235 Montgomery St Ste 1019 San Francisco, CA 94104
Zeltzer Nadine R Atty;;;425 Divisadero St Ste 303 San Francisco, CA 94117
Andrei Romanenko;www.andreiromanenko.com;(415) 997-8144;500 Sutter St Ste 823 San Francisco, CA 94102
Angela Alioto Law Group;www.aliotolawoffices.com%2F;(415) 434-8700;700 Montgomery St San Francisco, CA 94111
The Law Offices Of Dawson G Crawford;www.dcrawfordlaw.com%2Fsan_francisco.html;(415) 255-4824;One Sansome St Fl 35 Citigroup Center San Francisco, CA 94104
Alano Immigration;www.alanoimmigrationlaw.com;(415) 413-8472;2858 Diamond St San Francisco, CA 94131
Law Office of Kevin S. Sullivan;www.kevinsullivanlegal.com;(415) 441-1052;3251 Steiner St San Francisco, CA 94123
Law Offices of David Korsunsky;www.korsunskylaw.com;(415) 857-5981;388 Market St Ste 920 San Francisco, CA 94111
Sykes Kerry Riordan;;;377 W Portal Ave San Francisco, CA 94127
Keating Shana Atty;;;1934 Divisadero St San Francisco, CA 94115
Jeena Cho, Attorney at Law;;;San Francisco, CA 94105
West Coast Trial Lawyers;westcoasttriallawyers.com%2F%3Futm_campaign%3Dyelp_san_francisco%26utm_medium%3Dwebsite%26utm_source%3Dorganic;(415) 429-5493;142 McAllister St San Francisco, CA 94102
Law Offices of Dalton & Lew;daltonandlew.com%2F;(415) 487-9100;214 Duboce Ave San Francisco, CA 94103
California Lemon Law Attorneys, Law Offices of William R. McGee;californialemonlawattorneys.com;(844) 810-5006;One Sansome St Fl 35 San Francisco, CA 94104
Goldberg Stinnett Meyers & Davis;;;44 Montgomery St San Francisco, CA 94104
Brightwork Law PC;brightworklaw.com;(925) 528-5753;18 Bartol St San Francisco, CA 94133
Spiller Law;www.spillerlaw.com;(415) 991-7298;595 Pacific Ave Fl 4 San Francisco, CA 94133
Law Office Of Daniel J O'Connell;www.djolawoffice.com;(415) 272-3811;335 Divisadero St San Francisco, CA 94117
Gasner Criminal Law;gasnerlaw.com;(415) 782-6000;345 Franklin St Law Chambers Building San Francisco, CA 94102
